Timestamp,Name,Email,"How many years of clinical experience do you have? 
(years since medical school graduation)",Question 1,Question 2,Question 3,Question 4,Question 5,Question 6
9/13/2025 19:06:13,Ismail Raslan,itraslan@gmail.com,5-10,which ROTEM parameter best predicts the need for a platelet transfusion if abnormal?,Which ROTEM finding correlates best with fibrinogen and FXIII deficiency in liver disease? ,Does the use of VHA reduce transfusion requirements in patients with liver disease? ,"Are VHAs superior to usual coagulation studies (INR, PTT, fibrinogen) in predicting bleeding for patients undergoing cardiac surgery?",Are there any randomized controlled trials validating the use of VHA in trauma? What are the results? ,Does the use of VHA reduce mortality in bleeding patients? 
9/14/2025 11:59:49,Jeremy Jacobs,Jeremy.w.jacobs@vumc.org,5-10,"In patients with postpartum hemorrhage, is there any correlation between the Clauss fibrinogen level and the FIBTEM parameter on ROTEM, and if so, what is the correlation?",Should I base my decision to administer tranexamic acid to a patient with postpartum hemorrhage on whether there is evidence of increased lysis on the TEG or ROTEM?,"During liver transplantation, if VHA suggests a heparin-like effect and possible hyperfibrinolysis, which channels/tests should I run and how should I interpret them?","After CPB, if post-bypass VHA shows >15% deterioration in clot strength with near-normal SLTs, how should this guide component therapy?",What VHA parameters are suggestive of trauma-induced coagulopathy?,"Should I empirically transfuse or provide hemostatic support (e.g., tranexamic acid) to a trauma patient if all of the VHA parameters are within normal limits?"
9/14/2025 17:56:25,Nicole Relke,nicole.relke@uhn.ca,5-10,What is the basic principle behind viscoelastic testing of coagulation (such as TEG and ROTEM)?,"In viscoelastic testing, what does the clot initiation time (CT or R-time) represent? What are two reasons this time may be prolonged, and what therapy is recommended to correct it?","In women with ongoing major postpartum haemorrhage, how can viscoelastic testing be used to assess fibrinogen levels and guide the need for fibrinogen replacement?","In patients with liver disease, what advantages do viscoelastic tests offer compared with standard laboratory tests such as INR, aPTT, fibrinogen?",What benefits have been demonstrated in the literature when viscoelastic haemostatic assays are used to guide management in patients undergoing cardiac surgery?,"A patient with a gunshot wound to the chest presents with major haemorrhage and the massive haemorrhage protocol (MHP) is activated. On arrival, viscoelastic testing shows a normal clot lysis time. According to current guidelines, should tranexamic acid still be administered as part of the MHP?"
9/14/2025 22:58:43,Yi Wei Hu,yiweihu@gmail.com,5-10,"my patient is bleeding after Caesarean delivery. her EXTEM CT is 105, EXTEM A5 is 39, and FIBTEM A5 is 11. what blood products does she need? ",which ROTEM parameters and cut offs should I be using to predict perioperative bleeding risk in my cirrhotic patient? ,can you show me some algorithms on how to interpret TEG parameters in liver transplant surgery? ,we just came off of cardiopulmonary bypass and my patient is bleeding. what TEG parameters and cut offs should I be using to direct blood product transfusion?,"for on-pump cardiac surgery, which should I rely on to determine need for fibrinogen transfusion? the fibrinogen level or the FIBTEM? ",can you show me a quick algorithm for interpreting ROTEM in my bleeding trauma patient? 
9/15/2025 9:23:17,Garrett Booth,garrett.s.booth@vumc.org,10-20,Are algorithmic TEG-based guided transfusion recommendations for pediatric patients evidence based?,Can viscoelastic testing performed intraoperatively in liver transplant reduce the overall number of transfusions?,Can TEG be used to guide transfusion therapy in adult trauma care?,How long after transfusion therapy should a repeat TEG be performed?,How long after specimen collection can a valid viscoelastic test be performed?,Should tranexamic acid be administered in post-partum hemorrhage patients when clot lysis data from viscoelastic testing is not available? 
9/18/2025 4:35:53,Suzanne Maynard,suzanne.maynard@trinity.ox.ac.uk,5-10,What does the BSH say about using VHAs to guide periprocedural management of coagulopathy in liver disease?,How should I interpret a prolonged R time?,What are the important ROTEM and TEG cutoffs I should know to prompt transfusion of blood products?,Can you explain to me the difference between between ROTEM and TEG?,Can you create me an FRCPath style exam question related to the guideline?,Can you create me an audit template for 3 -5 of the key points form the guidelines?
9/19/2025 18:24:28,Laura Dilly Stephens,ldstephens@health.ucsd.edu,10-20,How can the contribution of fibrinogen be distinguished from the contribution of platelets on a TEG/ROTEM tracing?,Which studies have evaluated the use of TEG or ROTEM in pediatric cardiac surgery?,Why should I repeat a TEG after transfusing a patient?,"If an obstetrical patient with postpartum hemorrhage has a FIBTEM A5 of 10mm and ongoing bleeding, what blood product(s) should be administered to the patient?",How should I interpret an abnormal TEG tracing in a post-operative cardiac surgery patient who has no apparent bleeding?,What TEG MA cut-off predicts major obstetrical hemorrhage?
9/21/2025 22:43:17,Ali Tabatabaey,ali.tabatabaey@mail.utoronto.ca,5-10,I have a patient with cirrhosis and massive gastrointestinal bleeding. How can I use VHA testing to guide transfusions? specifically which results can help me decide if a platelet transfusion is required? ,Can I avoid activating a major transfusion protocol if a bleeding patient's VHA testing is normal?,How long after drawing the sample can I use it for VHA testing and how long should I let it rest before starting testing?,Can I use VHA testing to predict need for transfusion in pediatric patients?,I have a ROTEM sigma in my hospital. How can I compare its parameters to ROTEM delta and TEG reported in the literature? and what are the best parameters to use in a treatment algorithm with this model?,What is the role of VHA testing in decided whether a bleeding patient should receive tranexamic acid or not?
